{
  "name": "gdrive2",
  "nodes": [
    {
      "parameters": {
        "mode": "insert",
        "pineconeIndex": {
          "__rl": true,
          "value": "mydocsemb",
          "mode": "list",
          "cachedResultName": "mydocsemb"
        },
        "options": {}
      },
      "id": "1970d913-ae8a-45b2-9eb1-041469120644",
      "name": "Pinecone Vector Store",
      "type": "@n8n/n8n-nodes-langchain.vectorStorePinecone",
      "position": [
        48,
        624
      ],
      "typeVersion": 1,
      "credentials": {
        "pineconeApi": {
          "id": "eoOxJ1PRRV8yKEhx",
          "name": "PineconeApi account"
        }
      }
    },
    {
      "parameters": {
        "dataType": "binary",
        "binaryMode": "specificField",
        "options": {}
      },
      "id": "a00f0621-026d-4ac0-a0ec-a32bea979550",
      "name": "Default Data Loader",
      "type": "@n8n/n8n-nodes-langchain.documentDefaultDataLoader",
      "position": [
        208,
        848
      ],
      "typeVersion": 1
    },
    {
      "parameters": {
        "chunkOverlap": 100,
        "options": {}
      },
      "id": "d1b1e2b0-5604-4768-90ab-5dc778a6956b",
      "name": "Recursive Character Text Splitter",
      "type": "@n8n/n8n-nodes-langchain.textSplitterRecursiveCharacterTextSplitter",
      "position": [
        192,
        1056
      ],
      "typeVersion": 1
    },
    {
      "parameters": {
        "operation": "download",
        "fileId": {
          "__rl": true,
          "mode": "id",
          "value": "={{ $json.id }}"
        },
        "options": {
          "fileName": "={{ $json.name }}"
        }
      },
      "id": "fb59e9cd-c076-4601-b500-063d6db798ad",
      "name": "Download File From Google Drive",
      "type": "n8n-nodes-base.googleDrive",
      "position": [
        -160,
        624
      ],
      "typeVersion": 3,
      "credentials": {
        "googleDriveOAuth2Api": {
          "id": "27NtVd3YVgMKVaxj",
          "name": "Google Drive account"
        }
      }
    },
    {
      "parameters": {
        "pollTimes": {
          "item": [
            {
              "mode": "everyMinute"
            }
          ]
        },
        "triggerOn": "specificFolder",
        "folderToWatch": {
          "__rl": true,
          "value": "1x6rPbq1Wwy7UIPR7KOkAJvLuEnfsJhYQ",
          "mode": "list",
          "cachedResultName": "n8n files",
          "cachedResultUrl": "https://drive.google.com/drive/folders/1x6rPbq1Wwy7UIPR7KOkAJvLuEnfsJhYQ"
        },
        "event": "watchFolderUpdated"
      },
      "id": "13d389c5-524e-4a8a-8374-83217b709c3d",
      "name": "Google Drive File Updated",
      "type": "n8n-nodes-base.googleDriveTrigger",
      "position": [
        -496,
        768
      ],
      "typeVersion": 1,
      "credentials": {
        "googleDriveOAuth2Api": {
          "id": "27NtVd3YVgMKVaxj",
          "name": "Google Drive account"
        }
      }
    },
    {
      "parameters": {
        "pollTimes": {
          "item": [
            {
              "mode": "everyMinute"
            }
          ]
        },
        "triggerOn": "specificFolder",
        "folderToWatch": {
          "__rl": true,
          "value": "1x6rPbq1Wwy7UIPR7KOkAJvLuEnfsJhYQ",
          "mode": "list",
          "cachedResultName": "n8n files",
          "cachedResultUrl": "https://drive.google.com/drive/folders/1x6rPbq1Wwy7UIPR7KOkAJvLuEnfsJhYQ"
        },
        "event": "fileCreated",
        "options": {
          "fileType": "all"
        }
      },
      "id": "e0604143-1b63-4b37-a389-2df78de1f5a7",
      "name": "Google Drive File Created",
      "type": "n8n-nodes-base.googleDriveTrigger",
      "position": [
        -496,
        512
      ],
      "typeVersion": 1,
      "credentials": {
        "googleDriveOAuth2Api": {
          "id": "27NtVd3YVgMKVaxj",
          "name": "Google Drive account"
        }
      }
    },
    {
      "parameters": {
        "content": "## Add docuemnts to vector store when updating or creating new documents in Google Drive",
        "width": 320
      },
      "id": "4c06e8d3-8a64-482d-801f-b65f7aa0015e",
      "name": "Sticky Note",
      "type": "n8n-nodes-base.stickyNote",
      "position": [
        -192,
        384
      ],
      "typeVersion": 1
    },
    {
      "parameters": {
        "content": "## Set up steps\n\n1. Google Cloud Project and Vertex AI API:\n* Create a Google Cloud project.\n* Enable the Vertex AI API for your project.\n2. Google AI API Key:\n* Obtain a Google AI API key from Google AI Studio.\n3. Pinecone Account:\n* Create a free account on the Pinecone website.\nObtain your API key from your Pinecone dashboard.\n* Create an index named company-files in your Pinecone project.\n4. Google Drive:\n* Create a dedicated folder in your Google Drive where company documents will be stored.\n5. Credentials in n8n: Configure credentials in your n8n environment for:\n* Google Drive OAuth2\n* Google Gemini(PaLM) Api (using your Google AI API key)\n* Pinecone API (using your Pinecone API key)\n5. Import the Workflow:\n* Import this workflow into your n8n instance.\n6. Configure the Workflow:\n* Update both Google Drive Trigger nodes to watch the specific folder you created in your Google Drive.\n* Configure the Pinecone Vector Store nodes to use your company-files index.",
        "height": 720,
        "width": 420
      },
      "id": "46651e41-8fd4-4f0d-9c31-078bcd05a593",
      "name": "Sticky Note1",
      "type": "n8n-nodes-base.stickyNote",
      "position": [
        -976,
        464
      ],
      "typeVersion": 1
    },
    {
      "parameters": {
        "options": {
          "dimensions": 512
        }
      },
      "type": "@n8n/n8n-nodes-langchain.embeddingsOpenAi",
      "typeVersion": 1.2,
      "position": [
        96,
        832
      ],
      "id": "87ed93bb-c94e-4b61-a01c-2139f3dc41b9",
      "name": "Embeddings OpenAI",
      "credentials": {
        "openAiApi": {
          "id": "l9hKZIgBhzxBZnCf",
          "name": "OpenAi account"
        }
      }
    }
  ],
  "pinData": {},
  "connections": {
    "Default Data Loader": {
      "ai_document": [
        [
          {
            "node": "Pinecone Vector Store",
            "type": "ai_document",
            "index": 0
          }
        ]
      ]
    },
    "Google Drive File Created": {
      "main": [
        [
          {
            "node": "Download File From Google Drive",
            "type": "main",
            "index": 0
          }
        ]
      ]
    },
    "Google Drive File Updated": {
      "main": [
        [
          {
            "node": "Download File From Google Drive",
            "type": "main",
            "index": 0
          }
        ]
      ]
    },
    "Download File From Google Drive": {
      "main": [
        [
          {
            "node": "Pinecone Vector Store",
            "type": "main",
            "index": 0
          }
        ]
      ]
    },
    "Recursive Character Text Splitter": {
      "ai_textSplitter": [
        [
          {
            "node": "Default Data Loader",
            "type": "ai_textSplitter",
            "index": 0
          }
        ]
      ]
    },
    "Embeddings OpenAI": {
      "ai_embedding": [
        [
          {
            "node": "Pinecone Vector Store",
            "type": "ai_embedding",
            "index": 0
          }
        ]
      ]
    }
  },
  "active": false,
  "settings": {
    "executionOrder": "v1"
  },
  "versionId": "2af71732-73dc-4103-855a-f8c39e548205",
  "meta": {
    "templateCredsSetupCompleted": true,
    "instanceId": "0f7205746738ee74badc955b20e6e35759c5f2fdefa98fa8dd26591c8eef23de"
  },
  "id": "kORJqRuxRDZ7Y6Dz",
  "tags": []
}