{
  "name": "gdrive1",
  "nodes": [
    {
      "parameters": {
        "mode": "insert",
        "pineconeIndex": {
          "__rl": true,
          "value": "mydocsemb",
          "mode": "list",
          "cachedResultName": "mydocsemb"
        },
        "options": {}
      },
      "id": "d310369b-d22e-4cb6-95ef-4f3abf61d68d",
      "name": "Pinecone Vector Store",
      "type": "@n8n/n8n-nodes-langchain.vectorStorePinecone",
      "position": [
        0,
        -144
      ],
      "typeVersion": 1,
      "credentials": {
        "pineconeApi": {
          "id": "eoOxJ1PRRV8yKEhx",
          "name": "PineconeApi account"
        }
      }
    },
    {
      "parameters": {
        "dataType": "binary",
        "binaryMode": "specificField",
        "options": {}
      },
      "id": "b17af13c-e726-4b7c-a04a-67ab80cbcfd6",
      "name": "Default Data Loader",
      "type": "@n8n/n8n-nodes-langchain.documentDefaultDataLoader",
      "position": [
        160,
        80
      ],
      "typeVersion": 1
    },
    {
      "parameters": {
        "chunkOverlap": 100,
        "options": {}
      },
      "id": "18f77187-996a-4ecc-bf69-99d8ac7c67c2",
      "name": "Recursive Character Text Splitter",
      "type": "@n8n/n8n-nodes-langchain.textSplitterRecursiveCharacterTextSplitter",
      "position": [
        144,
        288
      ],
      "typeVersion": 1
    },
    {
      "parameters": {
        "operation": "download",
        "fileId": {
          "__rl": true,
          "mode": "id",
          "value": "={{ $json.id }}"
        },
        "options": {
          "fileName": "={{ $json.name }}"
        }
      },
      "id": "6bda879c-5953-4cd8-8861-e982fe915ea3",
      "name": "Download File From Google Drive",
      "type": "n8n-nodes-base.googleDrive",
      "position": [
        -208,
        -144
      ],
      "typeVersion": 3,
      "credentials": {
        "googleDriveOAuth2Api": {
          "id": "27NtVd3YVgMKVaxj",
          "name": "Google Drive account"
        }
      }
    },
    {
      "parameters": {
        "pollTimes": {
          "item": [
            {
              "mode": "everyMinute"
            }
          ]
        },
        "triggerOn": "specificFolder",
        "folderToWatch": {
          "__rl": true,
          "value": "1x6rPbq1Wwy7UIPR7KOkAJvLuEnfsJhYQ",
          "mode": "list",
          "cachedResultName": "n8n files",
          "cachedResultUrl": "https://drive.google.com/drive/folders/1x6rPbq1Wwy7UIPR7KOkAJvLuEnfsJhYQ"
        },
        "event": "fileUpdated",
        "options": {}
      },
      "id": "70725bcc-58a5-440d-891c-77e2c29e9a11",
      "name": "Google Drive File Updated",
      "type": "n8n-nodes-base.googleDriveTrigger",
      "position": [
        -544,
        0
      ],
      "typeVersion": 1,
      "credentials": {
        "googleDriveOAuth2Api": {
          "id": "27NtVd3YVgMKVaxj",
          "name": "Google Drive account"
        }
      }
    },
    {
      "parameters": {
        "pollTimes": {
          "item": [
            {
              "mode": "everyMinute"
            }
          ]
        },
        "triggerOn": "specificFolder",
        "folderToWatch": {
          "__rl": true,
          "value": "1x6rPbq1Wwy7UIPR7KOkAJvLuEnfsJhYQ",
          "mode": "list",
          "cachedResultName": "n8n files",
          "cachedResultUrl": "https://drive.google.com/drive/folders/1x6rPbq1Wwy7UIPR7KOkAJvLuEnfsJhYQ"
        },
        "event": "fileCreated",
        "options": {
          "fileType": "all"
        }
      },
      "id": "3ec2fe22-093a-4555-89e8-11552487002d",
      "name": "Google Drive File Created",
      "type": "n8n-nodes-base.googleDriveTrigger",
      "position": [
        -544,
        -256
      ],
      "typeVersion": 1,
      "credentials": {
        "googleDriveOAuth2Api": {
          "id": "27NtVd3YVgMKVaxj",
          "name": "Google Drive account"
        }
      }
    },
    {
      "parameters": {
        "content": "## Add docuemnts to vector store when updating or creating new documents in Google Drive",
        "width": 320
      },
      "id": "ed5558c5-0a98-4974-a7c0-3822ea11e55f",
      "name": "Sticky Note",
      "type": "n8n-nodes-base.stickyNote",
      "position": [
        -240,
        -384
      ],
      "typeVersion": 1
    },
    {
      "parameters": {
        "options": {
          "dimensions": 512
        }
      },
      "type": "@n8n/n8n-nodes-langchain.embeddingsOpenAi",
      "typeVersion": 1.2,
      "position": [
        0,
        64
      ],
      "id": "2f4d090e-b7ab-461c-baaf-6736c536381a",
      "name": "Embeddings OpenAI",
      "credentials": {
        "openAiApi": {
          "id": "l9hKZIgBhzxBZnCf",
          "name": "OpenAi account"
        }
      }
    }
  ],
  "pinData": {},
  "connections": {
    "Default Data Loader": {
      "ai_document": [
        [
          {
            "node": "Pinecone Vector Store",
            "type": "ai_document",
            "index": 0
          }
        ]
      ]
    },
    "Recursive Character Text Splitter": {
      "ai_textSplitter": [
        [
          {
            "node": "Default Data Loader",
            "type": "ai_textSplitter",
            "index": 0
          }
        ]
      ]
    },
    "Download File From Google Drive": {
      "main": [
        [
          {
            "node": "Pinecone Vector Store",
            "type": "main",
            "index": 0
          }
        ]
      ]
    },
    "Google Drive File Updated": {
      "main": [
        [
          {
            "node": "Download File From Google Drive",
            "type": "main",
            "index": 0
          }
        ]
      ]
    },
    "Google Drive File Created": {
      "main": [
        [
          {
            "node": "Download File From Google Drive",
            "type": "main",
            "index": 0
          }
        ]
      ]
    },
    "Embeddings OpenAI": {
      "ai_embedding": [
        [
          {
            "node": "Pinecone Vector Store",
            "type": "ai_embedding",
            "index": 0
          }
        ]
      ]
    }
  },
  "active": false,
  "settings": {
    "executionOrder": "v1"
  },
  "versionId": "41b14f12-a235-4e53-ae55-574c51d65b2d",
  "meta": {
    "instanceId": "0f7205746738ee74badc955b20e6e35759c5f2fdefa98fa8dd26591c8eef23de"
  },
  "id": "wnbnXEzpOV7ik0HT",
  "tags": []
}